house_number,entry_x,entry_y,entry_z,angle,type,locked,price,rent_date,owner_id,house_type_id,is_spawn
1,2413.395019,61.757385,28.441642,175.214508,0,0,19000000,,,1,0
2,1499.153808,-1482.278564,63.859375,95.522544,0,0,17000000,,,11,0
3,1298.408447,-798.090026,84.140625,179.23381,0,0,280000000,,,36,0
4,-382.940155,-1438.972412,26.329328,271.063385,0,0,170000000,,,28,0
5,2111.223144,-1279.085571,25.835937,179.467712,0,0,10200000,,,17,0
6,1969.369873,-1705.252075,15.96875,181.377151,1,0,4600,,,4,0
7,2230.526855,-1397.134765,24.573816,2.477333,0,0,9200000,,,4,0
8,1468.616577,-906.085571,54.835937,2.54399,0,0,31000000,,,22,0
9,2283.878906,-1046.193237,49.887119,234.643264,0,0,3000000,,,6,0
10,2495.520019,-1690.840576,14.765625,0.534063,0,0,13200000,,,28,0
11,-2075.78833,-2312.659667,31.13125,46.969882,0,0,1100000,,,8,0
12,2249.110107,111.767021,28.441642,173.764755,0,0,10000000,,,7,0
13,2269.34375,111.751777,28.441644,172.824737,0,0,11000000,,,8,0
14,238.796096,-286.204162,1.632677,146.353195,0,0,300000,,,1,0
15,-915.626464,-544.365539,26.156658,178.658843,0,0,900000,,,38,0
16,-347.94577,-1045.760009,59.8125,178.026016,0,0,5000000,,,9,0
17,-102.557647,-1575.932617,2.617187,51.740829,0,0,130000,,,38,0
18,2143.731689,-1662.924804,15.085937,219.389663,0,0,7500000,,,2,0
19,910.419128,-1802.592651,13.795593,355.065948,0,0,10000000,,,15,0
20,922.092163,-1803.803955,13.832684,2.93218,0,0,10000000,,,15,0
21,933.597595,-1805.091918,13.843666,357.348266,0,0,10000000,,,15,0
22,958.014343,-1809.045898,13.89284,343.617736,0,0,10000000,,,23,0
23,969.754333,-1811.948974,13.895387,359.027435,0,0,10000000,,,13,0
24,981.002807,-1814.714599,13.900631,356.577026,0,0,10000000,,,13,0
25,992.540893,-1817.506469,13.903365,353.499725,0,0,10000000,,,15,0
26,794.422546,-1810.871948,13.029735,172.585754,0,0,15000000,,,31,0
27,771.13385,-1809.50061,13.023437,166.688568,0,0,15000000,,,12,0
28,750.361083,-1806.606445,13.023437,172.674758,0,0,15000000,,,13,0
29,316.06253,-1769.5354,4.627765,179.806167,0,0,17000000,,,22,0
30,305.374755,-1770.322509,4.538367,166.990707,0,0,9000000,,,17,0
31,295.186218,-1764.200805,4.801209,175.820312,0,0,9500000,,,17,0
32,281.009765,-1767.187255,4.546875,178.359909,0,0,14000000,,,18,0
33,263.97409,-1765.569946,4.756571,193.119583,0,0,15000000,,,12,0
34,206.85025,-1768.991333,4.368812,175.629043,0,0,15000000,,,9,0
35,192.733917,-1769.498657,4.314956,175.035125,0,0,11500000,,,12,0
36,168.400222,-1768.51062,4.485796,179.16513,0,0,18500000,,,13,0
37,-911.055297,2685.970458,42.370262,39.582763,0,0,14000000,,,11,0
38,345.185516,-1298.035278,50.759044,299.199218,0,0,16000000,,,17,0
39,553.146667,-1200.190185,44.831535,107.500717,0,0,300000,,,1,0
40,2256.693115,-44.643428,26.883434,6.11369,0,0,0,,,39,0
41,1848.051879,-1593.584838,19.124494,87.132438,1,0,10000,,,11,0
42,1848.046142,-1593.682495,23.883468,89.068702,1,0,10000,,,11,0
43,1906.366943,-1577.59436,19.418075,25.43284,1,0,10000,,,11,0
44,1906.548339,-1577.597656,23.949359,30.815723,1,0,10000,,,11,0
45,-2296.985595,-1601.811035,482.564849,289.35382,0,0,200000,,,38,0
46,2264.164306,59.609035,26.484375,6.446949,1,0,1500,,,4,0
47,2259.387207,63.150455,26.484375,270.16397,1,0,1500,,,4,0
48,-98.154464,-570.489562,2.803074,30.416101,0,0,18000000,,,8,0
49,-4015.743896,-2445.456054,13.294073,141.862792,0,0,22000000,,,17,0
50,-4007.500976,-2467.31665,13.714826,51.018699,0,0,22000000,,,15,0
51,-3982.142089,-2448.67163,14.014822,138.752914,0,0,22000000,,,15,0
52,-3963.06665,-2423.433593,19.108373,122.146125,0,0,12500000,,,2,0
53,-3905.675048,-2458.437744,29.13338,186.380187,0,0,12500000,,,4,0
54,-3997.985595,-2461.872558,13.564767,61.069019,0,0,15000000,,,15,0
55,-573.255615,-1505.348388,9.623456,214.676727,0,0,5000000,,,3,0
56,-4051.135742,-2401.557128,13.358415,326.26654,0,0,12500000,,,11,0
57,732.232055,-3028.478515,1020.815612,182.943572,1,0,1100,,,11,0
58,726.051879,-3028.405761,1020.815612,182.036544,1,0,1100,,,11,0
59,719.621704,-3028.503662,1020.815612,180.815658,1,0,1100,,,11,0
60,711.363952,-3028.615966,1020.815612,177.112274,1,0,1100,,,11,0
61,704.130432,-3022.204833,1020.815612,176.855133,1,0,1100,,,11,0
62,700.539855,-3023.272949,1020.815612,268.092193,1,0,1100,,,11,0
63,700.437805,-3029.637939,1020.815612,263.761688,1,0,1100,,,11,0
64,702.667419,-3032.864013,1020.815612,358.108764,1,0,1100,,,11,0
65,711.357666,-3032.863769,1020.815612,2.551595,1,0,1100,,,11,0
66,719.684326,-3032.949462,1020.815612,0.10087,1,0,1100,,,11,0
67,725.97052,-3032.946044,1020.815612,357.963958,1,0,1100,,,11,0
68,732.196899,-3032.947265,1020.815612,359.901092,1,0,1100,,,11,0
69,143.176086,-1470.814453,25.203598,316.980987,0,0,17000000,,,27,0
70,161.602386,-1455.929931,32.844982,227.113784,0,0,18000000,,,18,0
71,228.047698,-1405.370361,51.609375,326.146301,0,0,41000000,,,23,0
72,254.420013,-1367.161499,53.109375,289.893737,0,0,70500000,,,26,0
73,298.641448,-1338.363647,53.441501,29.58678,0,0,60000000,,,27,0
74,355.09082,-1281.060791,53.703639,32.003025,0,0,16000000,,,15,0
75,397.773162,-1271.535522,50.01979,297.906219,0,0,16000000,,,23,0
76,432.078155,-1253.951171,51.58094,19.548944,0,0,30000000,,,25,0
77,546.027404,-1201.51123,44.800285,95.571228,0,0,78000000,,,25,0
78,599.794067,-1194.062744,41.784606,31.701725,0,0,35000000,,,10,0
79,167.569549,-1308.149658,70.351257,92.659759,0,0,130000000,,,33,0
80,219.190734,-1249.966796,78.336486,208.58876,0,0,224000000,,,27,0
81,253.442123,-1269.830444,74.428161,31.621124,0,0,140000000,,,33,0
82,251.414108,-1220.237304,76.102371,217.968536,0,0,130000000,,,27,0
83,300.161468,-1154.59375,81.319915,138.03833,0,0,160000000,,,45,0
84,352.372039,-1197.828002,76.515625,43.357551,0,0,18000000,,,24,0
85,416.606719,-1154.148193,76.687614,145.448898,0,0,50000000,,,32,0
86,470.729217,-1163.682128,67.217002,191.163131,0,0,40000000,,,32,0
87,534.85913,-1173.982788,58.809711,29.682434,0,0,14000000,,,15,0
88,558.799804,-1160.949829,54.429687,32.132896,0,0,15000000,,,18,0
89,580.498107,-1149.655517,53.180084,27.03993,0,0,14000000,,,15,0
90,645.91864,-1117.475097,44.207038,127.684249,0,0,65000000,,,30,0
91,700.134948,-1060.341918,49.421691,60.284141,0,0,75000000,,,25,0
92,731.44873,-1012.944213,52.737854,145.910476,0,0,85000000,,,21,0
93,673.025146,-1020.277221,55.759605,138.594833,0,0,25000000,,,17,0
94,648.076477,-1058.787719,52.579917,126.374687,0,0,25000000,,,11,0
95,612.209533,-1085.763427,58.826656,36.304206,0,0,38000000,,,32,0
96,559.041748,-1076.324707,72.921989,31.694,0,0,53000000,,,22,0
97,497.353546,-1094.95935,82.359191,357.596618,0,0,45000000,,,33,0
98,924.055419,-853.465393,93.45652,296.758483,0,0,60000000,,,19,0
99,937.898132,-848.582153,93.592567,34.463222,0,0,90000000,,,18,0
100,910.241638,-817.594787,103.126029,319.864074,0,0,33000000,,,22,0
101,989.999389,-828.526062,95.468574,108.588012,0,0,85000000,,,23,0
102,1034.852172,-813.053405,101.851562,15.784228,0,0,110000000,,,22,0
103,1094.099731,-807.010131,107.41819,8.521316,0,0,90000000,,,33,0
104,1112.541015,-742.081115,100.132926,93.525497,0,0,51000000,,,27,0
105,1017.019958,-763.219543,112.563018,86.575881,0,0,32000000,,,22,0
106,977.430908,-771.60852,112.202629,3.251728,0,0,30000000,,,29,0
107,891.109069,-783.076232,101.31266,11.654976,0,0,35000000,,,27,0
108,808.376159,-759.38031,76.531364,286.314971,0,0,50000000,,,27,0
109,848.036376,-745.394348,94.969268,312.242218,0,0,32000000,,,22,0
110,867.603881,-717.513244,105.679687,328.50299,0,0,36000000,,,34,0
111,897.989318,-677.191528,116.890441,233.529205,0,0,35000000,,,32,0
112,946.325683,-710.570556,122.619873,33.587913,0,0,26000000,,,19,0
113,980.435729,-677.164428,121.976257,33.531684,0,0,300000000,,,33,0
114,1045.246215,-642.81958,120.117187,6.215142,0,0,39000000,,,35,0
115,1094.938964,-647.804931,113.648437,355.818847,0,0,39000000,,,32,0
116,1153.38684,-574.414489,106.307815,175.498229,0,0,300000000,,,30,0
117,1331.823974,-633.489318,109.134902,26.26336,0,0,160640000,,,25,0
118,1442.630737,-629.004516,95.718566,177.819412,0,0,36500000,,,45,0
119,1497.061279,-688.01239,95.563308,182.980514,0,0,120000000,,,33,0
120,1527.697509,-772.604003,80.578125,128.416625,0,0,35000000,,,17,0
121,1534.928344,-800.145996,72.849456,89.193344,0,0,34500000,,,23,0
122,1540.366455,-851.264343,64.336059,87.88385,0,0,49000000,,,34,0
123,207.933166,-1418.42871,47.775054,245.778976,0,0,1,,,32,0
124,836.05426,-894.789978,68.768898,316.163665,0,0,40000000,,,30,0
125,1545.246948,-1265.236328,17.40625,113.169372,0,0,1000,,,41,0
126,827.788024,-858.090148,70.33081,206.126449,0,0,30000000,,,24,0
127,1535.840332,-885.216491,57.657482,314.973175,0,0,34000000,,,17,0
128,1421.867797,-886.120056,50.682315,356.534515,0,0,30000000,,,32,0
129,1438.874145,-925.981567,39.647666,170.89067,0,0,18000000,,,11,0
130,1409.437988,-920.736022,38.421875,172.08786,0,0,18000000,,,18,0
131,1288.249389,-873.932006,46.84375,95.549942,0,0,8000000,,,6,0
132,1288.2406,-873.89624,43.065723,97.162857,0,0,8000000,,,6,0
133,1287.414306,-867.606445,46.836074,99.188148,0,0,8000000,,,4,0
134,1287.414916,-867.587951,43.145439,100.352432,0,0,8000000,,,4,0
135,1280.139282,-868.568298,46.836074,275.315979,0,0,8000000,,,2,0
136,1280.145385,-868.608581,42.925785,275.540252,0,0,8000000,,,2,0
137,1280.979248,-874.936096,42.943111,275.058258,0,0,8000000,,,6,0
138,1281,-874.888488,46.84375,275.348754,0,0,8000000,,,18,0
139,1290.888305,-896.718627,46.625137,102.377136,0,0,8000000,,,7,0
140,1290.915283,-896.889465,42.882812,100.183074,0,0,8000000,,,2,0
141,1291.742919,-903.186706,46.632812,95.997947,0,0,8000000,,,6,0
142,1284.480468,-904.201965,46.632812,276.713378,0,0,8000000,,,9,0
143,1283.640014,-897.795104,46.625137,276.512481,0,0,8000000,,,2,0
144,1283.650756,-897.875,42.875343,277.475219,0,0,8000000,,,4,0
145,1249.510253,-877.323547,42.882812,95.963851,0,0,8000000,,,6,0
146,1249.504272,-877.317016,46.640625,97.587287,0,0,8000000,,,2,0
147,1248.660156,-870.923461,46.632949,97.41864,0,0,8000000,,,2,0
148,1248.687255,-871.058532,42.882812,99.2658,0,0,8000000,,,8,0
149,1241.3927,-871.903259,46.632949,274.509857,0,0,8000000,,,2,0
150,1241.413574,-872.039733,42.882812,275.281219,0,0,8000000,,,8,0
151,1242.255859,-878.498474,46.640625,277.699462,0,0,8000000,,,4,0
152,1242.254394,-878.384399,42.875343,278.045043,0,0,8000000,,,4,0
153,1252.773193,-901.850341,42.882812,97.10424,0,0,8000000,,,2,0
154,1252.755126,-901.632751,46.593887,97.731422,0,0,8000000,,,2,0
155,1253.604614,-908.026855,46.601562,97.675193,0,0,8000000,,,6,0
156,1253.614013,-908.099121,42.882812,115.109626,0,0,8000000,,,6,0
157,1246.340087,-909.14154,46.601562,280.584014,0,0,8000000,,,6,0
158,1246.367675,-909.336242,42.882812,277.024871,0,0,8000000,,,4,0
159,1245.490478,-902.699645,46.593887,286.079345,0,0,8000000,,,6,0
160,1245.49475,-902.675415,42.882812,275.11206,0,0,8000000,,,4,0
161,1111.521728,-976.445434,42.765625,356.506439,0,0,800000,,,28,0
162,1326.057861,-1066.349243,31.554687,276.047088,0,0,18000000,,,13,0
163,1326.371459,-1092.139282,27.976562,274.536651,0,0,15000000,,,13,0
164,1285.156127,-1091.607421,28.257812,95.789581,0,0,14500000,,,31,0
165,1285.150756,-1065.89038,31.678918,87.699066,0,0,17500000,,,27,0
166,1242.055541,-1074.912597,31.554687,271.458801,0,0,21500000,,,18,0
167,1242.380981,-1101.06958,27.976562,269.321685,0,0,26600000,,,34,0
168,1234.61914,-1016.212829,36.335937,94.598533,0,0,8000000,,,6,0
169,1234.628662,-1016.15332,32.606651,99.690979,0,0,8000000,,,7,0
170,1233.794555,-1009.831054,36.328262,97.619506,0,0,8000000,,,4,0
171,1233.823852,-1010.074035,32.601562,104.793395,0,0,8000000,,,6,0
172,1226.527709,-1010.894104,36.328262,276.590698,0,0,8000000,,,2,0
173,1226.540893,-1010.986328,32.601562,280.205505,0,0,8000000,,,2,0
174,1227.366943,-1017.17694,36.335937,276.076477,0,0,8000000,,,6,0
175,1227.359863,-1017.184265,32.601562,276.669769,0,0,8000000,,,6,0
176,1196.408203,-1017.294738,36.234375,93.199386,0,0,8000000,,,6,0
177,1196.377685,-1017.064697,32.546875,98.670791,0,0,8000000,,,6,0
178,1195.562622,-1010.87561,36.226699,104.255187,0,0,8000000,,,6,0
179,1195.668212,-1010.893554,32.553127,96.421241,0,0,8000000,,,4,0
180,1188.294799,-1011.857482,36.226699,278.100616,0,0,8000000,,,6,0
181,1188.298583,-1011.870666,32.546875,275.28009,0,0,8000000,,,4,0
182,1189.098754,-1017.962585,36.234375,273.311553,0,0,8000000,,,6,0
183,1189.119873,-1018.134033,32.546875,276.701995,0,0,8000000,,,2,0
184,1183.352783,-1074.52893,31.678918,87.285804,0,0,14500000,,,13,0
185,1183.372558,-1100.524536,28.257812,88.595397,0,0,14500000,,,33,0
186,1142.232177,-1094.181884,28.1875,265.775054,0,0,14500000,,,12,0
187,1141.919433,-1068.49475,31.765625,270.531311,0,0,14500000,,,13,0
188,1118.066406,-1021.286193,34.992187,179.879669,0,0,41700000,,,18,0
189,1051.102905,-1059.191772,34.796646,0.795738,0,0,9200000,,,11,0
190,1103.208618,-1068.127441,31.889856,94.941833,0,0,14500000,,,22,0
191,1103.291015,-1093.863891,28.46875,94.371368,0,0,14500000,,,34,0
192,1058.943237,-1105.648315,28.045097,268.562866,0,0,12000000,,,20,0
193,1068.536743,-1081.415039,27.503297,278.645843,0,0,12000000,,,15,0
194,976.493469,-1070.481689,27.079826,97.416145,0,0,12500000,,,6,0
195,985.583496,-1094.388183,27.604057,178.028091,0,0,9000000,,,22,0
196,919.464233,-1252.169067,16.210937,96.501853,0,0,15000000,,,9,0
197,921.800109,-1287.801269,14.40625,172.943832,0,0,15000000,,,12,0
198,921.693725,-1299.203613,14.09375,359.487182,0,0,1000000,,,37,0
199,1187.335083,-1261.020751,18.898437,92.680908,0,0,4000000,,,8,0
200,1187.250732,-1254.690673,18.890762,94.078987,0,0,4000000,,,2,0
201,1187.255004,-1254.639892,15.179687,84.879806,0,0,4000000,,,4,0
202,1179.911376,-1254.759277,18.890762,271.796905,0,0,3800000,,,2,0
203,197.495956,-1415.529785,47.113445,53.860012,0,0,10000000,,,31,0
204,1291.766357,-903.292297,42.882812,91.15258,0,0,8000000,,,6,0
205,1187.329833,-1260.992309,15.179687,94.167472,0,0,4000000,,,6,0
206,1284.483642,-904.22351,42.882812,276.367187,0,0,8000000,,,2,0
207,1179.921752,-1254.875244,15.179687,270.09436,0,0,4000000,,,4,0
208,1180.012451,-1261.155883,18.898437,273.733093,0,0,4000000,,,2,0
209,1187.338623,-1233.48413,22.140625,88.407012,0,0,4000000,,,17,0
210,1187.335205,-1233.367797,18.554687,89.917007,0,0,4000000,,,6,0
211,1187.25,-1226.902465,22.132949,87.298416,0,0,4000000,,,18,0
212,1187.258789,-1227.229125,18.554687,87.578933,0,0,4000000,,,8,0
213,1179.911987,-1226.908447,22.132949,270.342987,0,0,4000000,,,4,0
214,1179.915039,-1227.155883,18.554687,272.367767,0,0,4000000,,,8,0
215,1180.004638,-1233.682617,22.140625,272.279205,0,0,4400000,,,8,0
216,1179.996337,-1233.366577,18.554687,269.80487,0,0,4000000,,,18,0
217,880.165832,-1424.709838,14.484375,0.414014,0,0,9000000,,,12,0
218,852.425842,-1423.167114,14.142115,354.405181,0,0,9000000,,,12,0
219,824.555664,-1424.090576,14.498146,0,0,0,9000000,,,21,0
220,813.587463,-1456.641235,14.176836,91.195755,0,0,9000000,,,22,0
221,852.540771,-1436.342285,15.043654,192.627716,0,0,9000000,,,22,0
222,900.383544,-1447.918334,14.369469,271.476043,0,0,9000000,,,13,0
223,898.509582,-1472.930175,14.348291,191.149581,0,0,9000000,,,13,0
224,841.092041,-1471.447509,14.264871,176.703781,0,0,9000000,,,13,0
225,822.163452,-1505.402465,14.396677,355.347717,0,0,9000000,,,21,0
226,849.705261,-1520.058715,14.350055,266.985748,0,0,9000000,,,23,0
227,876.105163,-1512.932983,14.349284,85.64363,0,0,20000000,,,27,0
228,877.777526,-1514.747436,14.343061,182.207443,0,0,9000000,,,13,0
229,901.635986,-1514.760742,14.36967,187.590408,0,0,9000000,,,22,0
230,903.512817,-1512.951293,14.363469,267.547393,0,0,9000000,,,22,0
231,784.503784,-1436.002441,13.546875,273.893432,0,0,12000000,,,22,0
232,782.895385,-1464.49475,13.546875,265.69049,0,0,12000000,,,22,0
233,771.211242,-1510.793945,13.546875,252.942886,0,0,11000000,,,12,0
234,761.154541,-1564.397216,13.928892,259.866729,1,0,3300,,,4,0
235,718.477294,-1476.210083,5.46875,177.839065,0,0,11300000,,,9,0
236,732.514221,-1476.320068,5.46875,180.622131,0,0,9500000,,,24,0
237,739.043518,-1418.408935,13.523437,1.426698,0,0,10000000,,,2,0
238,791.152221,-1661.248046,13.485931,172.638717,0,0,12000000,,,8,0
239,794.653381,-1691.983276,14.46331,351.810852,0,0,12000000,,,8,0
240,794.086669,-1707.448852,14.038232,282.193969,0,0,12000000,,,8,0
241,797.330505,-1729.254394,13.546875,245.790771,0,0,12000000,,,8,0
242,791.337341,-1753.313964,13.458062,168.339553,0,0,12000000,,,8,0
243,769.109985,-1746.035766,13.077295,91.518325,0,0,12500000,,,2,0
244,769.035766,-1726.350585,13.43206,175.122909,0,0,12500000,,,4,0
245,769.116577,-1696.472167,5.15542,99.552711,0,0,12500000,,,4,0
246,767.966064,-1655.78186,5.609375,88.843048,0,0,12500000,,,8,0
247,766.822875,-1605.792236,13.803857,91.293548,0,0,12500000,,,8,0
248,693.062927,-1602.677734,15.046875,358.578399,0,0,12000000,,,11,0
249,653.138732,-1619.676757,15,102.23619,0,0,12000000,,,8,0
250,656.011901,-1635.966308,15.861747,196.517639,0,0,12000000,,,8,0
251,657.107177,-1652.545166,15.40625,90.89048,0,0,12000000,,,4,0
252,652.553649,-1693.917114,14.550186,89.267646,0,0,12000000,,,8,0
253,649.27655,-1713.943359,14.800733,90.827499,0,0,12000000,,,8,0
254,693.65216,-1705.89746,3.819482,273.116973,0,0,13000000,,,21,0
255,694.782531,-1690.627807,4.346122,359.340606,0,0,13000000,,,4,0
256,693.858154,-1645.807495,4.09375,279.182769,0,0,13000000,,,11,0
257,697.391784,-1627.020751,3.74917,278.612274,0,0,13000000,,,10,0
258,648.749572,-1536.662109,14.957218,91.098876,1,0,3300,,,4,0
259,657.32019,-1528.348144,14.851562,5.380663,1,0,3300,,,4,0
260,662.545593,-1534.781982,14.851562,262.863464,1,0,3300,,,4,0
261,662.546264,-1513.870483,14.851562,277.389312,1,0,3300,,,4,0
262,648.748474,-1489.307128,14.837024,91.070022,1,0,3300,,,4,0
263,657.755432,-1481.182373,14.851562,342.253326,1,0,3300,,,4,0
264,662.540405,-1487.864013,14.851562,268.048828,1,0,3300,,,4,0
265,662.531311,-1466.908081,14.851562,262.633117,1,0,3300,,,4,0
266,648.755432,-1442.288696,14.69584,93.597541,1,0,3300,,,4,0
267,657.277465,-1434.110473,14.851562,355.251831,1,0,3300,,,4,0
268,662.550048,-1440.672241,14.851562,279.775543,1,0,3300,,,4,0
269,683.567199,-1435.572021,14.851562,167.258666,1,0,3300,,,4,0
270,675.248291,-1430.432861,14.851562,273.46466,1,0,3300,,,4,0
271,685.451049,-1421.792358,14.75058,1.757248,1,0,3300,,,4,0
272,2146.683349,-1470.390258,26.042566,91.240554,0,0,10200000,,,17,0
273,2152.114746,-1446.173095,26.105066,84.066619,0,0,10200000,,,19,0
274,2149.745849,-1433.691528,26.070312,80.652748,0,0,10200000,,,11,0
275,2150.826416,-1419.039916,25.921875,92.302299,0,0,10200000,,,8,0
276,2151.074951,-1400.578125,26.128503,88.261779,0,0,10200000,,,17,0
277,2188.658935,-1419.25708,26.15625,263.145629,0,0,10200000,,,10,0
278,2194.456542,-1443.062133,26.073816,273.855255,0,0,10200000,,,8,0
279,2191.217285,-1455.885986,26,272.031463,0,0,10200000,,,11,0
280,2190.550537,-1470.382446,25.914062,272.40097,0,0,10200000,,,17,0
281,2190.426513,-1487.705688,26.105066,271.203887,0,0,10200000,,,8,0
282,2232.644531,-1469.489868,24.581628,184.208831,0,0,9200000,,,2,0
283,2247.764892,-1469.446533,24.480066,181.445098,0,0,9200000,,,2,0
284,2263.89624,-1469.447143,24.370691,177.741455,0,0,9200000,,,2,0
285,1180.00122,-1261.159912,15.179687,272.175292,0,0,4000000,,,8,0
286,2196.311279,-1404.164184,25.948816,266.872833,0,0,10200000,,,8,0
287,2202.733642,-1363.782226,26.191003,172.977218,0,0,10200000,,,8,0
288,2185.12207,-1363.798583,26.159753,181.067718,0,0,10200000,,,8,0
289,2147.657226,-1366.233276,25.972253,179.445373,0,0,10200000,,,8,0
290,2129.456298,-1361.791381,26.136316,203.202148,0,0,10200000,,,8,0
291,2100.929687,-1321.77893,25.953125,5.65513,0,0,10000000,,,8,0
292,2126.809326,-1320.748657,26.624229,8.844712,0,0,50,,,22,0
293,2148.581787,-1319.968627,26.073816,0.417309,0,0,10200000,,,10,0
294,2250.213867,-1280.153198,25.476562,182.647232,0,0,10200000,,,19,0
295,2230.092285,-1280.167236,25.628503,176.123428,0,0,10200000,,,2,0
296,2207.965576,-1280.932617,25.120691,174.902938,0,0,10200000,,,8,0
297,2191.418457,-1275.708862,25.15625,189.662521,0,0,10200000,,,8,0
298,2150.182373,-1285.160644,24.526941,179.065383,0,0,10200000,,,8,0
299,2132.05249,-1280.154663,25.890625,184.73822,0,0,10200000,,,10,0
300,2090.878417,-1277.941772,26.179687,180.440567,0,0,10000000,,,8,0
301,2090.862792,-1235.079467,26.019128,12.172926,0,0,10000000,,,8,0
302,2111.044189,-1244.28894,25.851562,4.372331,0,0,10200000,,,19,0
303,2133.53125,-1232.94519,24.421875,301.447998,0,0,9500000,,,8,0
304,2153.729003,-1243.702392,25.367187,356.941436,0,0,10200000,,,10,0
305,2191.80371,-1239.123291,24.487878,9.507622,0,0,10200000,,,8,0
306,2229.535156,-1241.501831,25.65625,3.956462,0,0,10200000,,,8,0
307,2250.176025,-1238.810913,25.898437,11.822767,0,0,10200000,,,18,0
308,2091.689208,-1184.363281,27.05706,130.581237,0,0,10000000,,,8,0
309,2092.122558,-1166.537597,26.585937,91.334571,0,0,10000000,,,11,0
310,2095.252929,-1145.006835,26.59292,99.425003,0,0,10000000,,,2,0
311,2093.951171,-1122.745361,27.689872,132.269058,0,0,10000000,,,8,0
312,2045.543823,-1116.582275,26.361747,311.10437,0,0,10000000,,,14,0
313,2022.901611,-1120.375488,26.421045,186.630172,0,0,10000000,,,31,0
314,2000.065795,-1114.168212,27.125,182.813766,0,0,10200000,,,18,0
315,1955.196166,-1115.233886,27.830497,221.611373,0,0,10000000,,,8,0
316,1938.81018,-1114.584838,27.452295,193.018096,0,0,10000000,,,9,0
317,1921.371948,-1115.174438,27.08831,218.599243,0,0,10000000,,,10,0
318,1905.972656,-1113.05725,26.664062,183.762542,0,0,10000000,,,11,0
319,1885.950317,-1113.542358,26.27581,215.979995,0,0,10000000,,,8,0
320,1891.88623,-1070.431884,23.9375,279.161621,0,0,7000000,,,2,0
321,1895.958374,-1064.643188,23.9375,119.102951,0,0,7000000,,,2,0
322,1912.728027,-1070.712524,24.238574,274.068634,0,0,7000000,,,2,0
323,1916.792358,-1064.526123,24.124662,107.317512,0,0,7000000,,,2,0
324,1939.16809,-1066.44812,24.418298,76.240982,0,0,7000000,,,2,0
325,1954.477783,-1075.034423,24.796701,256.923645,0,0,7000000,,,2,0
326,1959.514648,-1069.859741,24.796701,78.2891,0,0,7000000,,,5,0
327,2022.949462,-1053.274169,25.596122,201.075775,0,0,6200000,,,4,0
328,2035.99121,-1059.439208,25.65081,203.973892,0,0,8000000,,,7,0
329,2050.88208,-1065.5354,25.783622,183.103179,0,0,6200000,,,2,0
330,2061.156982,-1075.487548,25.606239,160.486755,0,0,6500000,,,5,0
331,2075.16748,-1081.924438,25.607418,152.910507,0,0,6500000,,,2,0
332,2082.38623,-1085.204467,25.60894,160.061019,0,0,6500000,,,2,0
333,2145.044189,-1084.649414,24.964231,155.64067,0,0,6500000,,,2,0
334,2140.535156,-1082.573974,24.950498,152.137802,0,0,6500000,,,2,0
335,2137.71997,-1073.94934,27.355627,61.242507,0,0,1000000,,,7,0
336,2157.160888,-1072.24353,40.419929,62.267314,0,0,7000000,,,2,0
337,2105.509277,-1056.210571,27.133256,133.908081,0,0,6500000,,,7,0
338,2093.746093,-1047.401367,30.025594,147.269119,0,0,6500000,,,2,0
339,2082.823974,-1039.603515,32.126525,148.152938,0,0,6500000,,,2,0
340,2108.797607,-1082.2052,25.393238,308.034606,0,0,6800000,,,5,0
341,2091.724365,-1068.231811,28.018518,296.240203,0,0,6500000,,,2,0
342,2077.412109,-1056.975708,31.273651,318.856658,0,0,6500000,,,2,0
343,2207.801513,-1100.794067,31.554687,124.95713,0,0,7000000,,,2,0
344,2188.795898,-1081.661254,43.833923,249.713638,0,0,16000000,,,12,0
345,2220.57788,-1083.67041,41.773437,37.571475,0,0,16000000,,,12,0
346,2288.137939,-1104.716552,38.521167,176.051803,0,0,5300000,,,5,0
347,2000.242553,-991.762878,32.125,227.826446,0,0,6500000,,,4,0
348,2007.407104,-984.689331,34.460937,229.136001,0,0,6500000,,,2,0
349,2015.415771,-977.775573,36.953125,212.27214,0,0,6500000,,,4,0
350,2045.091064,-965.765625,44.475986,116.760772,0,0,7000000,,,8,0
351,2051.14331,-954.696594,48.034118,174.101425,0,0,7000000,,,7,0
352,2073.397949,-965.243041,49.309677,165.38417,0,0,7000000,,,4,0
353,2044.633911,-991.186462,43.224487,60.917732,0,0,8500000,,,10,0
354,2049.112792,-987.202575,44.903453,3.703008,0,0,8500000,,,8,0
355,2066.249267,-993.108215,48.79972,350.800018,0,0,10000000,,,10,0
356,2090.535644,-972.532836,51.849544,213.357513,0,0,4500000,,,5,0
357,2089.539306,-996.144592,53.032585,348.237152,0,0,10000000,,,10,0
358,2109.011718,-1000.72705,60.507812,265.460174,0,0,8000000,,,4,0
359,2122.38208,-970.45758,58.207431,342.105926,0,0,4500000,,,2,0
360,2131.498291,-973.932922,59.785556,164.477066,0,0,4500000,,,2,0
361,2143.04248,-978.190124,61.379306,344.018768,0,0,4500000,,,2,0
362,2153.951904,-979.899475,63.293369,156.956985,0,0,4500000,,,2,0
363,2256.564453,-1397.132446,24.573816,0.17132,0,0,9200000,,,6,0
364,2243.614501,-1397.137451,24.573816,356.467803,0,0,9200000,,,6,0
365,2099.620361,-1051.659057,28.746349,138.551925,0,0,6500000,,,2,0
366,2101.740966,-1075.867919,25.853981,320.310882,0,0,6500000,,,2,0
367,2140.12207,-1008.456481,61.912033,349.097473,0,0,8000000,,,4,0
368,2186.536865,-997.503417,66.46875,83.145492,0,0,14000000,,,21,0
369,2209.142333,-998.742004,63.897006,129.589889,0,0,12350000,,,10,0
370,2259.419677,-1019.218383,59.296455,175.97264,0,0,17000000,,,14,0
371,2208.350097,-1026.637451,61.270027,342.008087,0,0,8000000,,,4,0
372,2218.950683,-1031.748168,60.194038,343.20523,0,0,8000000,,,8,0
373,2249.791748,-1060.158325,55.96875,47.069629,0,0,12000000,,,2,0
374,2278.883544,-1077.394775,48.164012,343.148986,0,0,13000000,,,12,0
375,2287.544189,-1080.978271,48.167884,335.886047,0,0,13000000,,,12,0
376,2297.384765,-1053.468383,49.933994,238.40332,0,0,3200000,,,2,0
377,2319.655761,-1053.265991,52.460803,84.017539,0,0,300000,,,1,0
378,2325.543701,-1060.86975,52.468616,2.517306,0,0,300000,,,1,0
379,2335.02246,-1045.904296,52.552936,0.435661,0,0,3200000,,,1,0
380,2348.043212,-1047.473388,53.858448,18.329366,0,0,180000,,,38,0
381,2355.553222,-1038.688476,54.335803,191.146362,0,0,250000,,,38,0
382,2370.137451,-1035.036987,54.410556,269.536712,0,0,3200000,,,2,0
383,2362.787841,-1046.495117,54.273303,196.126937,0,0,210000,,,38,0
384,2356.037353,-1058.713867,54.077991,287.564941,0,0,300000,,,38,0
385,2373.046875,-1051.432128,54.132801,215.956253,0,0,180000,,,38,0
386,2389.274169,-1037.14746,53.549465,232.305969,0,0,5000000,,,2,0
387,2439.821044,-1010.597778,54.34375,197.484329,0,0,2500000,,,6,0
388,2462.388427,-1011.20465,60.113681,157.231628,0,0,5000000,,,2,0
389,2491.308593,-1012.168151,65.398437,69.240249,0,0,4200000,,,4,0
390,2512.819824,-1027.206054,70.085937,113.500244,0,0,5000000,,,15,0
391,2526.755126,-1033.619262,69.579147,179.043853,0,0,4300000,,,5,0
392,2549.31372,-1032.299682,69.578903,270.907562,0,0,4000000,,,40,0
393,2562.00122,-1034.235839,69.869216,88.602043,0,0,4200000,,,2,0
394,2579.575927,-1033.307373,69.579887,183.912567,0,0,5000000,,,2,0
395,2534.466064,-1063.322509,69.565551,99.315452,0,0,4000000,,,2,0
396,2526.209472,-1060.665527,69.970779,269.198699,0,0,4200000,,,2,0
397,2499.640869,-1065.598266,70.235939,87.28617,0,0,4200000,,,4,0
398,2479.59497,-1063.913085,66.998245,72.615608,0,0,4200000,,,2,0
399,2457.652343,-1054.662353,59.959186,80.50518,0,0,8000000,,,4,0
400,2440.731689,-1057.052246,54.738681,92.725296,0,0,4200000,,,11,0
401,2581.395507,-969.325988,81.364456,105.344802,0,0,3200000,,,1,0
402,2582.782226,-953.062683,81.387634,183.735076,0,0,5000000,,,2,0
403,2552.141601,-958.337158,82.621299,274.948791,0,0,3200000,,,2,0
404,2517.964111,-965.480773,82.328613,277.488311,0,0,3200000,,,3,0
405,2531.155029,-963.390991,82.368637,98.082405,0,0,5000000,,,2,0
406,2499.429199,-947.103515,82.470779,180.651626,0,0,5200000,,,2,0
407,2491.995605,-965.70642,82.548904,79.025123,0,0,5200000,,,2,0
408,2472.186035,-962.144592,80.525466,176.898574,0,0,5200000,,,2,0
409,2459.487548,-947.802185,80.082969,179.461486,0,0,5000000,,,40,0
410,2454.291015,-964.984069,80.073509,265.998382,0,0,3200000,,,2,0
411,2626.135009,-1112.633666,67.852951,265.970001,0,0,11500000,,,21,0
412,2576.577148,-1070.626953,69.832229,87.303138,0,0,9200000,,,6,0
413,2572.264404,-1091.738403,67.225723,50.699005,0,0,9200000,,,6,0
414,2519.133789,-1113.135742,56.592597,282.600677,0,0,9200000,,,7,0
415,2470.70996,-1105.214721,44.48788,2.557648,0,0,8200000,,,6,0
416,2457.153076,-1102.392333,43.867187,357.600524,0,0,8200000,,,7,0
417,2438.60498,-1105.695922,43.08163,357.343383,0,0,8200000,,,6,0
418,2407.960205,-1106.863647,40.295722,13.693053,0,0,8200000,,,9,0
419,2373.911376,-1139.022583,29.058792,181.127273,0,0,8000000,,,2,0
420,2394.797607,-1133.64392,30.71875,185.883468,0,0,8000000,,,7,0
421,2427.414794,-1135.883789,34.710937,176.539596,0,0,8000000,,,12,0
422,2488.009765,-1135.330322,39.585937,181.922348,0,0,8000000,,,2,0
423,2510.456787,-1132.625244,41.620693,84.844406,0,0,8000000,,,7,0
424,2334.667968,-1203.891113,27.976562,356.926666,0,0,7500000,,,2,0
425,2324.284667,-1218.948486,27.976562,176.098815,0,0,7500000,,,4,0
426,2334.627441,-1234.554565,27.976562,359.03125,0,0,7500000,,,4,0
427,2324.298095,-1249.616577,27.976562,181.963241,0,0,7500000,,,2,0
428,2334.818847,-1266.018432,27.969293,356.692443,0,0,7500000,,,2,0
429,2324.240966,-1281.076049,27.982343,177.85707,0,0,7500000,,,3,0
430,2388.253173,-1279.572387,25.129104,86.250381,0,0,7200000,,,2,0
431,2386.999755,-1295.877807,25.194023,94.086151,0,0,14000000,,,28,0
432,2387.078613,-1311.752807,25.031774,92.032722,0,0,7000000,,,7,0
433,2387.761718,-1328.29309,25.124164,86.78807,0,0,7200000,,,2,0
434,2389.625732,-1346.078857,25.076972,87.671897,0,0,7500000,,,2,0
435,2387.83789,-1367.205566,24.524053,86.553443,0,0,13000000,,,21,0
436,2439.700195,-1357.167724,24.100631,271.510253,0,0,7500000,,,12,0
437,2439.688232,-1339.013061,24.101562,267.380706,0,0,7500000,,,12,0
438,2434.223632,-1320.706542,24.959804,268.264526,0,0,7500000,,,3,0
439,2434.16748,-1303.377075,24.987953,269.46173,0,0,7500000,,,2,0
440,2434.907714,-1289.286376,25.347854,270.6026,0,0,7200000,,,2,0
441,2433.712402,-1275.038452,24.75666,269.919677,0,0,7200000,,,2,0
442,2470.261962,-1295.541137,30.233222,87.717826,0,0,8000000,,,6,0
443,2469.087646,-1278.273681,30.366352,84.528182,0,0,8000000,,,16,0
444,2472.936279,-1238.235595,32.569477,176.643508,0,0,9200000,,,2,0
445,2492.0708,-1239.121337,37.905414,183.649383,0,0,9200000,,,9,0
446,2514.605224,-1240.568481,39.340587,178.378997,0,0,12200000,,,14,0
447,2529.654296,-1243.421142,43.97187,181.914596,0,0,9500000,,,10,0
448,2550.917236,-1233.907592,49.331832,180.717651,0,0,9200000,,,37,0
449,2550.245849,-1197.411376,60.835517,1.946519,0,0,12200000,,,13,0
450,2520.711425,-1197.894287,56.591747,0.121946,0,0,12200000,,,13,0
451,2467.548339,-1200.298828,36.811664,357.358917,0,0,9200000,,,6,0
452,2756.495361,-1182.503051,69.399864,359.090637,0,0,25500000,,,34,0
453,2750.290283,-1205.616821,67.484375,94.088523,0,0,15000000,,,12,0
454,2750.293457,-1222.214233,64.601562,92.89138,0,0,15000000,,,12,0
455,2750.283691,-1238.821044,61.524539,91.067649,0,0,15000000,,,12,0
456,2756.187011,-1302.606689,53.09375,90.586502,0,0,17000000,,,19,0
457,2851.913085,-1365.791137,14.170822,271.452514,0,0,7500000,,,46,0
458,2842.005859,-1335.097534,14.742118,277.574371,0,0,16500000,,,21,0
459,2847.116943,-1309.806274,14.690818,278.6268,0,0,16500000,,,4,0
460,2782.033447,-1358.431762,26.320655,261.032623,0,0,12000000,,,13,0
461,2782.030517,-1333.394775,32.348823,274.562347,0,0,12000000,,,8,0
462,2782.247314,-1306.326538,38.832874,263.651733,0,0,12000000,,,16,0
463,2782.251953,-1281.302612,44.318695,270.914611,0,0,12300000,,,11,0
464,2775.923339,-1245.46643,49.516582,191.414855,0,0,12000000,,,8,0
465,2797.703125,-1245.508544,47.325771,177.727111,0,0,12000000,,,18,0
466,2809.437744,-1280.793212,43.862545,90.946372,0,0,38000000,,,31,0
467,2809.436279,-1302.877319,38.878959,94.136016,0,0,12000000,,,18,0
468,2809.445312,-1324.782714,33.825855,91.998939,0,0,12000000,,,8,0
469,2807.879394,-1353.912719,27.20074,99.261962,0,0,11500000,,,8,0
470,2807.874511,-1369.432861,23.562866,104.331642,0,0,11500000,,,4,0
471,2707.411865,-1238.112548,59.696155,271.591827,1,0,2650,,,2,0
472,2707.410156,-1233.521606,61.093002,268.828033,1,0,2650,,,2,0
473,2707.409423,-1229.298828,62.322387,267.944213,1,0,2650,,,2,0
474,2707.410644,-1224.705932,63.608074,275.520446,1,0,2650,,,2,0
475,2707.409912,-1220.535888,64.901336,272.129974,1,0,2650,,,2,0
476,2707.410156,-1216.301025,66.250686,269.992828,1,0,2650,,,2,0
477,2707.409667,-1211.752075,67.639808,270.049041,1,0,2650,,,2,0
478,2707.41455,-1207.572143,68.774566,271.045257,1,0,2650,,,2,0
479,2707.411132,-1203.068115,69.707977,270.788055,1,0,2650,,,2,0
480,2707.411376,-1200.067504,70.482482,272.410888,1,0,2650,,,2,0
481,2690.653076,-1200.195556,68.319953,269.720092,1,0,2650,,,2,0
482,2690.646728,-1203.198486,67.544174,269.776336,1,0,2650,,,2,0
483,2690.64746,-1207.529174,66.610191,268.579254,1,0,2650,,,2,0
484,2690.645019,-1211.745727,65.475952,268.322143,1,0,2650,,,2,0
485,2690.651367,-1216.31372,64.088058,268.69168,1,0,2650,,,2,0
486,2690.646728,-1220.560791,62.737785,267.807891,1,0,2650,,,2,0
487,2690.644775,-1224.747192,61.443962,268.490783,1,0,2650,,,2,0
488,2690.651123,-1229.359375,60.159862,269.173675,1,0,2650,,,2,0
489,2690.646972,-1233.483154,58.92945,269.912719,1,0,2650,,,2,0
490,2690.64746,-1238.041137,57.532348,266.522247,1,0,2650,,,2,0
491,2670.385253,-1199.993164,66.50193,268.410522,1,0,2650,,,2,0
492,2670.385009,-1203.077392,65.727935,268.354309,1,0,2650,,,2,0
493,2670.388183,-1207.659667,64.798126,260.778076,1,0,2650,,,2,0
494,2670.3833,-1211.76123,63.669189,268.555267,1,0,2650,,,2,0
495,2670.385986,-1216.310668,62.269023,269.125701,1,0,2650,,,2,0
496,2670.3833,-1220.552978,60.920207,265.936126,1,0,2650,,,2,0
497,2670.387939,-1224.710205,59.634819,268.386688,1,0,2650,,,2,0
498,2670.388427,-1229.280883,58.353343,268.643768,1,0,2650,,,2,0
499,2670.388183,-1233.50061,57.124649,267.647521,1,0,2650,,,2,0
500,2670.386474,-1238.012695,55.734699,263.20462,1,0,2650,,,2,0
501,2622.318359,-1200.142089,62.076385,273.274291,1,0,2650,,,2,0
502,2622.316406,-1203.143066,61.301521,270.084716,1,0,2650,,,2,0
503,2622.317626,-1207.725219,60.367645,269.715179,1,0,2650,,,2,0
504,2622.3208,-1211.801147,59.23458,267.778961,1,0,2650,,,2,0
505,2622.320068,-1216.41455,57.845207,275.869537,1,0,2650,,,2,0
506,2622.312011,-1220.711547,56.494213,270.799957,1,0,2650,,,2,0
507,2622.318115,-1224.80664,55.202079,271.370422,1,0,2650,,,2,0
508,2622.3208,-1229.199951,53.917213,271.940887,1,0,2650,,,2,0
509,2622.310058,-1233.529174,52.68542,270.631347,1,0,2650,,,2,0
510,2622.371582,-1238.028076,51.061355,272.141815,1,0,2650,,,2,0
511,2608.256591,-1200.142456,61.014038,269.706329,1,0,2650,,,2,0
512,2608.257324,-1203.082275,60.239738,269.762481,1,0,2650,,,2,0
513,2608.256347,-1207.609863,59.305404,268.855316,1,0,2650,,,2,0
514,2608.253173,-1211.742065,58.171005,267.344818,1,0,2650,,,2,0
515,2608.253173,-1216.251953,56.781784,269.257659,1,0,2650,,,2,0
516,2608.253662,-1220.605712,55.432582,273.387268,1,0,2650,,,2,0
517,2608.257568,-1224.746215,54.139991,268.430084,1,0,2650,,,2,0
518,2608.259277,-1229.358398,52.854919,270.366241,1,0,2650,,,2,0
519,2608.263183,-1233.542358,51.626197,268.855773,1,0,2650,,,2,0
520,2608.258056,-1238.020996,50.227916,268.598693,1,0,2650,,,2,0
521,2594.612304,-1200.070068,59.357849,268.197418,1,0,2650,,,2,0
522,2594.605712,-1203.065307,58.576034,269.394561,1,0,2650,,,2,0
523,2594.603271,-1207.583007,57.651489,267.458312,1,0,2650,,,2,0
524,2594.607177,-1211.809082,56.514427,269.282135,1,0,2650,,,2,0
525,2594.603027,-1216.369873,55.114364,269.85263,1,0,2650,,,2,0
526,2594.604492,-1220.614868,53.765441,269.169769,1,0,2650,,,2,0
527,2594.61621,-1224.840332,52.477134,273.18692,1,0,2650,,,2,0
528,2594.605712,-1229.232666,51.190628,269.370635,1,0,2650,,,2,0
529,2594.609863,-1233.588867,49.962112,270.881103,1,0,2650,,,2,0
530,2594.613525,-1238.1427,48.564414,269.571502,1,0,2650,,,2,0
531,2476.239257,-1358.776245,28.835674,1.870429,1,0,2600,,,2,0
532,2473.110351,-1358.640258,28.835807,0.785093,1,0,2600,,,2,0
533,2468.123535,-1358.775756,28.835676,356.857086,1,0,2600,,,2,0
534,2476.295166,-1366.317626,29.313102,178.221267,1,0,2600,,,2,0
535,2473.123535,-1366.302856,29.313102,179.844238,1,0,2600,,,2,0
536,2468.245849,-1366.311889,29.313102,178.310531,1,0,2600,,,2,0
537,2468.387939,-1376.168212,29.313102,353.295867,1,0,2600,,,2,0
538,2473.193115,-1376.158569,29.313102,358.566314,1,0,2600,,,2,0
539,2476.350341,-1376.165771,29.313102,358.196807,1,0,2600,,,2,0
540,2468.216308,-1383.680419,28.828125,178.881973,1,0,2600,,,2,0
541,2473.387939,-1383.839233,28.834039,178.881973,1,0,2600,,,2,0
542,2476.284423,-1383.667114,28.834747,180.13562,1,0,2600,,,2,0
543,2495.370849,-1398.925537,29.313102,178.551391,1,0,2600,,,2,0
544,2492.140869,-1398.911865,29.313102,179.749771,1,0,2600,,,2,0
545,2487.355224,-1398.811523,29.313102,178.125701,1,0,2600,,,2,0
546,2476.308593,-1398.915771,29.313102,176.880645,1,0,2600,,,2,0
547,2473.147949,-1398.918212,29.313102,177.25035,1,0,2600,,,2,0
548,2468.22583,-1398.90393,29.313102,195.456588,1,0,2600,,,2,0
549,2468.318603,-1410.234619,29.313102,355.860809,1,0,2600,,,2,0
550,2473.168945,-1410.237548,29.313102,358.937988,1,0,2600,,,2,0
551,2476.377929,-1410.230346,29.313102,358.255035,1,0,2600,,,2,0
552,2487.401611,-1410.230102,29.313102,358.199066,1,0,2600,,,2,0
553,2492.144287,-1410.231933,29.313102,356.889373,1,0,2600,,,2,0
554,2495.491943,-1410.235839,29.313102,359.340332,1,0,2600,,,2,0
555,2468.152343,-1431.727416,29.313102,118.986915,1,0,2600,,,2,0
556,2473.019775,-1431.726806,29.313102,119.356475,1,0,2600,,,2,0
557,2476.267578,-1431.750122,29.313102,131.632812,1,0,2600,,,2,0
558,2487.409667,-1431.728515,29.016227,116.73674,1,0,2600,,,2,0
559,2492.027832,-1431.723144,29.016227,113.860496,1,0,2600,,,2,0
560,2495.50415,-1431.727294,29.016227,241.04216,1,0,2600,,,2,0
561,1498.405273,-1452.86499,63.859375,343.501708,0,0,17000000,,,11,0
562,1507.60852,-1452.801025,63.859375,83.390792,0,0,17000000,,,18,0
563,1517.024902,-1452.760009,63.859375,75.300323,0,0,17000000,,,8,0
564,1526.693481,-1452.672973,63.859375,76.60987,0,0,17000000,,,11,0
565,1535.992797,-1452.61267,63.859375,74.159385,0,0,17000000,,,11,0
566,1535.896484,-1481.895019,63.859375,101.620635,0,0,17000000,,,11,0
567,1527.235351,-1481.913818,63.859375,102.616859,0,0,17000000,,,11,0
568,1517.343017,-1482.065551,63.859375,104.866424,0,0,17000000,,,11,0
569,1508.420532,-1482.04248,63.859375,107.115989,0,0,17000000,,,11,0
570,1692.657104,-1458.557983,13.671875,87.72422,0,0,17000000,,,6,0
571,1685.312133,-1464.554077,13.671875,3.380551,0,0,17000000,,,6,0
572,1675.512329,-1462.416992,13.671875,272.143463,0,0,24200000,,,15,0
573,1341.322998,-1675.345703,17.715671,179.679794,1,0,3400,,,4,0
574,1341.371704,-1669.30957,17.717311,188.453079,1,0,3400,,,4,0
575,1341.406372,-1654.458862,17.71912,186.259719,1,0,3400,,,4,0
576,1341.37976,-1648.58496,17.71912,193.466476,1,0,3400,,,4,0
577,1341.440429,-1633.718505,17.731464,187.199752,1,0,3400,,,4,0
578,1341.384155,-1628.741821,17.732679,190.01976,1,0,3400,,,4,0
579,1854.039916,-1914.375244,15.256797,181.622695,0,0,10200000,,,15,0
580,1872.370483,-1911.904296,15.256797,173.7565,0,0,10200000,,,18,0
581,1891.814575,-1914.489501,15.256797,189.390396,0,0,10200000,,,15,0
582,1913.450195,-1912.025878,15.256797,187.790832,0,0,10200000,,,15,0
583,1928.770141,-1916.026733,15.256797,178.67131,0,0,10200000,,,15,0
584,1938.427978,-1911.33374,15.256797,106.571121,0,0,10200000,,,15,0
585,1980.4906,-1718.927001,17.030307,272.591156,0,0,16200000,,,22,0
586,1981.110229,-1682.901611,17.05381,277.482635,0,0,16200000,,,13,0
587,1958.610595,-1560.551025,13.594409,213.368194,0,0,13000000,,,4,0
588,1973.037963,-1559.944213,13.639566,202.457656,0,0,13000000,,,2,0
589,2011.492187,-1594.403442,13.58322,206.956893,0,0,13000000,,,8,0
590,2002.39624,-1594.167114,13.577303,209.720733,0,0,13000000,,,40,0
591,1986.508544,-1605.276733,13.53179,248.08377,0,0,13000000,,,8,0
592,2017.955932,-1629.776489,14.042566,87.452636,0,0,10200000,,,8,0
593,2016.441528,-1641.393554,14.112878,89.589782,0,0,10200000,,,21,0
594,2013.466674,-1656.408203,14.136316,93.943717,0,0,10200000,,,8,0
595,2018.148559,-1703.210693,14.234375,91.016326,0,0,10200000,,,7,0
596,2016.089721,-1717.052978,14.125,94.72013,0,0,10200000,,,4,0
597,2015.245361,-1732.609252,14.234375,84.950485,0,0,10200000,,,8,0
598,2067.151855,-1731.640625,14.206628,264.706237,0,0,10200000,,,11,0
599,2066.354248,-1717.165893,14.136316,271.25354,0,0,10200000,,,11,0
600,2065.211181,-1703.664062,14.148437,274.643951,0,0,10500000,,,9,0
601,2066.840576,-1656.61267,14.132812,282.421112,0,0,10200000,,,4,0
602,2067.675292,-1643.849243,14.136316,263.901428,0,0,10200000,,,8,0
603,2067.807128,-1629.038452,14.206628,268.858612,0,0,10200000,,,8,0
604,2136.055419,-1591.897827,14.351562,335.01828,0,0,7500000,,,2,0
605,2150.409667,-1584.08728,14.336046,156.561843,0,0,7500000,,,5,0
606,2151.372558,-1598.437622,14.345704,336.304412,0,0,7500000,,,4,0
607,2165.483154,-1590.582275,14.345982,158.408996,0,0,7500000,,,13,0
608,2179.014648,-1599.960937,14.345835,82.291076,0,0,7500000,,,5,0
609,2172.483154,-1615.263793,14.283789,66.993812,0,0,7500000,,,7,0
610,2158.297363,-1611.409179,14.351507,166.691085,0,0,7500000,,,2,0
611,2142.831787,-1604.728149,14.351562,160.457199,0,0,7500000,,,2,0
612,2158.680664,-1577.654785,14.277661,343.062652,0,0,7500000,,,2,0
613,2143.336181,-1571.100463,14.177693,337.053039,0,0,7500000,,,2,0
614,2191.948242,-1593.131591,14.351562,252.923599,0,0,7500000,,,4,0
615,2185.456542,-1608.085205,14.359375,250.67398,0,0,7500000,,,37,0
616,2141.389404,-1652.802246,15.085937,39.043758,0,0,7500000,,,2,0
617,2129.211425,-1663.692382,15.085937,40.240898,0,0,7500000,,,2,0
618,2156.128417,-1651.947998,15.078443,214.006668,0,0,7500000,,,4,0
619,2163.648681,-1661.162231,15.085937,36.91547,0,0,7500000,,,5,0
620,2151.541748,-1671.970336,15.085937,39.992572,0,0,7500000,,,2,0
621,2128.082031,-1687.892944,15.085937,4.352352,0,0,7500000,,,40,0
622,2144.575683,-1688.803466,15.085937,8.056175,0,0,7500000,,,6,0
623,2165.865722,-1671.410644,15.073303,225.06108,0,0,7500000,,,16,0
624,2178.405761,-1660.276855,14.973793,219.791503,0,0,7500000,,,2,0
625,2155.611816,-1698.614257,15.085937,176.406799,0,0,7500000,,,2,0
626,2139.224609,-1697.618164,15.085937,179.26007,0,0,7500000,,,2,0
627,2140.416503,-1708.197753,15.085937,4.810923,0,0,7500000,,,4,0
628,2157.110107,-1709.107788,15.085937,0.770247,0,0,7500000,,,2,0
629,2168.044189,-1718.92749,15.123506,186.957763,0,0,7500000,,,2,0
630,2151.701171,-1717.936645,15.085937,178.217208,0,0,7500000,,,2,0
631,2244.333496,-1637.659179,16.237878,132.441864,0,0,9200000,,,9,0
632,2257.144531,-1644.064819,15.808191,176.252731,0,0,9200000,,,2,0
633,2282.273925,-1641.322143,15.889788,179.353195,0,0,9200000,,,9,0
634,2307.084472,-1679.088256,14.331628,350.981872,0,0,9200000,,,9,0
635,2362.809082,-1643.250366,14.351562,179.628311,0,0,8200000,,,5,0
636,2393.158935,-1646.137084,13.905097,188.078765,0,0,8200000,,,5,0
637,2413.906494,-1646.899169,14.011916,180.212142,0,0,8200000,,,4,0
638,2451.819824,-1641.819091,13.735734,182.70256,0,0,8200000,,,6,0
639,2469.408935,-1646.465454,13.780097,177.640258,0,0,8100000,,,13,0
640,2486.456298,-1644.647338,14.077178,177.841232,0,0,13200000,,,16,0
641,2498.348876,-1642.368041,14.113082,184.701782,0,0,8200000,,,5,0
642,2513.599121,-1650.284423,14.355666,134.825088,0,0,8200000,,,3,0
643,2524.619384,-1658.570434,15.82402,131.65892,0,0,12200000,,,14,0
644,2523.162841,-1679.167114,15.496999,71.732002,0,0,8700000,,,7,0
645,2514.266357,-1691.501708,14.046038,48.802307,0,0,8200000,,,15,0
646,2459.517822,-1691.661621,13.544863,7.863095,0,0,10750000,,,10,0
647,2409.090576,-1674.829711,14.375,355.821716,0,0,8200000,,,8,0
648,2384.555664,-1675.71643,15.245691,357.042236,0,0,8000000,,,16,0
649,2368.212402,-1675.243652,14.168166,19.56957,0,0,9000000,,,7,0
650,2327.0625,-1682.017333,14.929687,268.167175,0,0,9200000,,,6,0
651,2308.974853,-1714.438842,14.980066,178.801376,0,0,9200000,,,9,0
652,2327.044433,-1716.81018,14.237878,177.178451,0,0,29000000,,,11,0
653,2385.2854,-1711.763549,14.242187,179.628845,0,0,9200000,,,11,0
654,2402.458984,-1714.872314,14.132812,176.752792,0,0,9200000,,,11,0
655,2232.676757,-1785.800537,13.560062,90.221038,0,0,9000000,,,3,0
656,2247.159912,-1795.991943,13.546875,269.19226,0,0,9000000,,,2,0
657,2275.745117,-1785.697631,13.546875,89.39344,0,0,9000000,,,5,0
658,2307.56665,-1785.775756,13.556736,90.735832,0,0,9000000,,,2,0
659,2290.228759,-1796.034423,13.546875,268.317901,0,0,9000000,,,3,0
660,2322.068603,-1796.151123,13.546875,269.660217,0,0,9000000,,,2,0
661,2345.466308,-1785.69812,13.546875,90.488151,0,0,9000000,,,2,0
662,2359.968505,-1796.033569,13.546875,265.675964,0,0,9000000,,,4,0
663,2380.573974,-1785.657714,13.546875,88.070487,0,0,9000000,,,4,0
664,2395.069335,-1795.924194,13.546875,268.248321,0,0,9000000,,,3,0
665,2241.918701,-1882.580688,14.234375,175.290512,0,0,8000000,,,4,0
666,2269.235107,-1882.253417,14.234375,178.672485,0,0,8000000,,,3,0
667,2296.313964,-1882.127685,14.234375,182.175109,0,0,8000000,,,5,0
668,2333.135009,-1883.457519,15,357.949951,0,0,9000000,,,6,0
669,2333.55249,-1943.341064,14.96875,179.114624,0,0,9000000,,,2,0
670,2284.574218,-1906.48706,14.929687,1.363722,0,0,9000000,,,4,0
671,2261.494873,-1906.484497,14.9375,356.858062,0,0,8000000,,,2,0
672,2238.084228,-1906.721801,14.9375,357.177917,0,0,9000000,,,16,0
673,2437.920898,-2020.728271,13.902541,0.568551,0,0,1000000,,,6,0
674,2465.337646,-2020.686157,14.124163,359.685333,0,0,620000,,,6,0
675,2486.460205,-2021.439697,13.998847,359.114868,0,0,620000,,,6,0
676,2507.929199,-2020.94519,14.210101,356.664337,0,0,620000,,,6,0
677,2522.681396,-2018.920043,14.074416,36.200878,0,0,950000,,,3,0
678,2524.172363,-1998.246093,14.113082,140.598037,0,0,950000,,,3,0
679,2508.218505,-1998.471313,13.902541,183.267883,0,0,1120000,,,8,0
680,2483.504394,-1995.451171,13.834323,183.637557,0,0,620000,,,6,0
681,2464.954589,-1995.860229,14.019332,177.427169,0,0,1500000,,,2,0
682,2442.900146,-1981.822143,13.546875,7.360794,0,0,2000000,,,3,0
683,2447.601562,-1962.689086,13.546875,176.539031,0,0,2000000,,,7,0
684,2696.513671,-1990.358154,14.222853,182.162124,0,0,720000,,,7,0
685,2672.4729,-1989.482299,14.32402,183.949279,0,0,1020000,,,6,0
686,2652.793701,-1989.534057,13.998847,172.825469,0,0,2220000,,,9,0
687,2635.692626,-2012.855346,14.144332,292.632324,0,0,720000,,,9,0
688,2650.60205,-2021.796997,14.176628,86.279571,0,0,3000000,,,2,0
689,2673.348144,-2020.172363,14.168166,351.764343,0,0,1120000,,,5,0
690,2695.424072,-2020.449584,14.022284,14.067374,0,0,720000,,,5,0
691,2787.069091,-1952.642456,13.546875,94.177078,0,0,11000000,,,18,0
692,2786.969482,-1926.035888,13.546875,85.765823,0,0,9500000,,,19,0
693,2751.588134,-1936.473022,13.539363,301.037231,0,0,7000000,,,16,0
694,2751.629882,-1962.807739,13.546875,263.872192,0,0,7000000,,,7,0
695,2736.535156,-1952.576904,13.546875,88.483573,0,0,7000000,,,6,0
696,2736.543212,-1926.138916,13.546875,89.254692,0,0,2500000,,,11,0
697,2802.021484,-1962.843261,13.546875,269.62857,0,0,7000000,,,2,0
698,2801.936279,-1936.514648,13.546875,267.366546,0,0,8000000,,,2,0
699,1989.90039,-1777.46228,17.364744,182.021102,0,0,8000000,,,44,0
700,2007.070434,-1777.459838,17.357799,182.334396,0,0,8000000,,,23,0
701,1973.216674,-1705.256713,15.96875,177.874481,1,0,4600,,,4,0
702,1969.993896,-1671.303833,15.96875,184.533554,1,0,4600,,,4,0
703,1974.581787,-1671.192138,15.96875,176.715728,1,0,4600,,,4,0
704,1978.662841,-1671.408569,16.187622,100.045173,1,0,4600,,,4,0
705,1978.650878,-1671.468627,18.545551,89.73796,1,0,4600,,,4,0
706,1969.262695,-1654.763427,15.96875,177.841232,1,0,4600,,,4,0
707,1973.334594,-1654.76892,15.96875,180.090667,1,0,4600,,,4,0
708,1967.355346,-1633.816894,15.96875,187.642745,1,0,4600,,,4,0
709,1972.132446,-1633.81018,15.96875,184.878906,1,0,4600,,,4,0
710,1976.204589,-1633.821289,16.211059,174.908447,1,0,4600,,,4,0
711,1976.111083,-1634.135864,18.568988,90.990516,1,0,4600,,,4,0
712,2151.12915,-1789.220214,13.50939,259.876281,1,0,4000,,,4,0
713,2151.141113,-1807.986694,13.546416,276.721832,1,0,4000,,,4,0
714,2151.112792,-1815.131591,13.549892,316.018646,1,0,4000,,,4,0
715,2156.07373,-1815.120971,13.546875,358.245544,1,0,4000,,,4,0
716,2162.691406,-1815.121093,13.546875,356.471862,1,0,4000,,,4,0
717,2168.922119,-1815.127197,13.546875,7.181491,1,0,4000,,,4,0
718,2176.281005,-1815.131835,13.546875,9.974644,1,0,4000,,,4,0
719,2185.816162,-1815.128295,13.546875,9.430984,1,0,4000,,,4,0
720,2192.517822,-1815.147094,13.546875,2.276924,1,0,4000,,,4,0
721,2176.459716,-1828.508789,16.14089,19.45844,1,0,4000,,,4,0
722,2176.397705,-1821.512939,16.145862,107.306015,1,0,4000,,,4,0
723,2172.265625,-1819.6156,16.140625,2.595405,1,0,4000,,,4,0
724,2164.817138,-1819.598144,16.140625,356.50531,1,0,4000,,,4,0
725,2158.273193,-1819.599975,16.140625,22.88268,1,0,4000,,,4,0
726,2151.892089,-1819.590087,16.140625,355.845886,1,0,4000,,,4,0
727,2146.547607,-1814.88977,16.140625,291.229309,1,0,4000,,,4,0
728,2146.617187,-1808.445678,16.140625,269.645538,1,0,4000,,,4,0
729,2141.019042,-1802.009887,16.147472,244.522491,1,0,4000,,,4,0
730,2144.999755,-1801.843139,16.140625,227.546051,1,0,4000,,,4,0
731,1804.342163,-2124.781738,13.942373,5.698529,0,0,8500000,,,10,0
732,1782.132568,-2126.395263,14.067889,359.398986,0,0,8200000,,,9,0
733,1761.299926,-2125.328125,14.056648,356.85968,0,0,8200000,,,8,0
734,1734.674072,-2130.248535,14.021014,358.884429,0,0,8200000,,,8,0
735,1715.063232,-2125.338867,14.056648,6.371567,0,0,8200000,,,23,0
736,1695.440307,-2125.722167,13.810076,356.938659,0,0,8200000,,,8,0
737,1673.774902,-2122.412353,14.146014,304.891967,0,0,8200000,,,6,0
738,1667.491943,-2107.046386,14.072273,179.187942,0,0,8200000,,,14,0
739,1684.787841,-2098.26416,13.834323,183.228408,0,0,8200000,,,15,0
740,1711.655273,-2101.333251,14.021014,181.628829,0,0,8200000,,,2,0
741,1734.19458,-2098.089355,14.036639,176.895996,0,0,8200000,,,8,0
742,1762.593627,-2102.091308,13.856951,175.296478,0,0,8200000,,,4,0
743,1781.37268,-2101.379638,14.056648,179.650573,0,0,8200000,,,9,0
744,1801.880371,-2099.044677,14.021014,180.870437,0,0,8200000,,,6,0
745,1851.882812,-2134.940429,15.388201,165.242874,0,0,10200000,,,2,0
746,1872.501708,-2133.009277,15.481951,175.639236,0,0,10200000,,,15,0
747,1894.187622,-2133.317138,15.466326,181.648895,0,0,10200000,,,17,0
748,1895.486328,-2068.797363,15.668893,4.390704,0,0,10200000,,,15,0
749,1873.662231,-2070.643798,15.497086,4.984561,0,0,10200000,,,15,0
750,1851.814086,-2070.353271,15.481237,1.191404,0,0,10200000,,,15,0
751,1400.902343,-2085.948974,44.359661,185.568984,0,0,500000,,,38,0
752,1313.095581,-2137.526855,42.341426,96.783477,0,0,650000,,,38,0
753,1306.215942,-2140.028076,42.01868,287.974792,0,0,650000,,,38,0
754,1294.193237,-2135.318115,42.179286,212.22705,0,0,700000,,,38,0
755,1278.38684,-2159.230957,43.110172,203.371246,0,0,1600000,,,6,0
756,1261.823974,-2169.053955,43.612407,226.238708,0,0,1600000,,,6,0
757,1249.768676,-2164.807617,43.624656,221.997116,0,0,600000,,,38,0
758,1214.347534,-2211.801757,37.694988,192.368438,0,0,600000,,,38,0
759,1140.885131,-2235.851074,47.424846,200.529037,0,0,700000,,,38,0
760,1125.145996,-2241.74121,48.567745,195.885223,0,0,600000,,,38,0
761,1159.631103,-2169.016845,64.623435,284.501281,0,0,1000000,,,8,0
762,1170.041625,-2158.785156,67.016609,22.867748,0,0,650000,,,38,0
763,1144.467285,-2145.614501,68.408416,6.204628,0,0,600000,,,38,0
764,1199.262573,-2131.499267,62.809654,271.568756,0,0,800000,,,38,0
765,1206.308593,-2115.084472,62.715282,243.537109,0,0,500000,,,38,0
766,1223.930175,-2105.666992,61.691867,266.546325,0,0,500000,,,38,0
767,1817.823486,-2005.589355,13.554395,178.066177,1,0,2800,,,2,0
768,1814.368408,-1996.051635,13.554395,86.20243,1,0,2800,,,2,0
769,1814.366333,-1994.15625,13.554395,79.252784,1,0,2800,,,2,0
770,1817.244384,-1987.010009,13.554395,359.609344,1,0,2800,,,2,0
771,1820.36499,-1993.918823,13.554395,264.611999,1,0,2800,,,2,0
772,1820.382568,-1996.274169,13.554395,270.509216,1,0,2800,,,2,0
773,1816.881713,-1977.425903,13.546875,94.505561,1,0,2800,,,2,0
774,1826.116577,-1980.605712,13.546875,169.662292,1,0,2800,,,2,0
775,1828.340332,-1980.549072,13.546875,182.878631,1,0,2800,,,2,0
776,1835.340698,-1977.478759,13.546875,270.042327,1,0,2800,,,2,0
777,1828.048583,-1974.585449,13.546875,0.65222,1,0,2800,,,2,0
778,1826.032836,-1974.588989,13.546875,6.975666,1,0,2800,,,2,0
779,1835.650146,-1987.022094,13.546875,1.418307,1,0,2800,,,2,0
780,1832.787719,-1993.87622,13.546875,85.448715,1,0,2800,,,2,0
781,1835.908203,-2005.60498,13.546875,177.078857,1,0,2800,,,2,0
782,1838.813476,-1996.340698,13.546875,260.724975,1,0,2800,,,2,0
783,1838.804443,-1994.051635,13.546875,282.401397,1,0,2800,,,2,0
784,1846.425537,-1992.299194,13.546875,85.965499,1,0,2800,,,2,0
785,1846.420532,-1990.097534,13.546875,82.149238,1,0,2800,,,2,0
786,1849.169799,-1983.006347,13.546875,354.358886,1,0,2800,,,2,0
787,1852.389892,-1989.804565,13.546875,268.135223,1,0,2800,,,2,0
788,1852.439819,-1992.212646,13.546875,269.64569,1,0,2800,,,2,0
789,1849.390502,-2001.565063,13.546875,180.01979,1,0,2800,,,2,0
790,1846.435668,-2021.121826,13.546875,85.273727,1,0,2800,,,2,0
791,1846.41809,-2019.229003,13.546875,85.844184,1,0,2800,,,2,0
792,1849.177734,-2009.945678,13.546875,3.693849,1,0,2800,,,2,0
793,1852.405883,-2019.388427,13.546875,270.624114,1,0,2800,,,2,0
794,1852.431762,-2021.372314,13.546875,266.494537,1,0,2800,,,2,0
795,1849.642089,-2028.529052,13.546875,176.197479,1,0,2800,,,2,0
796,1849.877685,-2038.265747,13.546875,85.971771,1,0,2800,,,2,0
797,1856.86145,-2034.973388,13.546875,2.567959,1,0,2800,,,2,0
798,1859.201538,-2034.939819,13.546875,354.678466,1,0,2800,,,2,0
799,1868.467529,-2037.563232,13.546875,268.502166,1,0,2800,,,2,0
800,1858.876708,-2040.966552,13.546875,185.725128,1,0,2800,,,2,0
801,1856.953491,-2040.959594,13.546875,174.388839,1,0,2800,,,2,0
802,1858.853881,-2000.895141,13.546875,89.565849,1,0,2800,,,2,0
803,1865.634155,-1997.98706,13.546875,358.328826,1,0,2800,,,2,0
804,1868.033813,-1997.9635,13.546875,351.379211,1,0,2800,,,2,0
805,1877.4281,-2000.750732,13.546875,268.022766,1,0,2800,,,2,0
806,1867.992797,-2003.980224,13.546875,182.425765,1,0,2800,,,2,0
807,1866.155273,-2003.978271,13.546875,175.78955,1,0,2800,,,2,0
808,1867.413452,-2009.942138,13.546875,2.455669,1,0,2800,,,2,0
809,1864.843139,-2019.209716,13.546875,99.285392,1,0,2800,,,2,0
810,1864.885864,-2021.568481,13.546875,88.0615,1,0,2800,,,2,0
811,1867.826171,-2028.52893,13.546875,173.971908,1,0,2800,,,2,0
812,1870.870361,-2021.011352,13.546875,265.522369,1,0,2800,,,2,0
813,1870.880126,-2019.251831,13.546875,270.591979,1,0,2800,,,2,0
814,1888.806152,-1982.591064,13.546875,92.483207,1,0,2800,,,2,0
815,1898.433349,-1979.506591,13.546875,356.859436,1,0,2800,,,2,0
816,1900.46582,-1979.508422,13.546875,3.696657,1,0,2800,,,2,0
817,1907.392578,-1982.250854,13.546875,277.472991,1,0,2800,,,2,0
818,1900.438232,-1985.495849,13.546875,179.97203,1,0,2800,,,2,0
819,1898.141967,-1985.534423,13.546875,174.899612,1,0,2800,,,2,0
820,1888.821777,-2001.186157,13.546875,87.31002,1,0,2800,,,2,0
821,1898.185791,-1997.949951,13.546875,0.459701,1,0,2800,,,2,0
822,1900.352905,-1997.923583,13.546875,355.390075,1,0,2800,,,2,0
823,1907.384887,-2000.788085,13.546875,263.83963,1,0,2800,,,2,0
824,1900.36267,-2003.953735,13.546875,181.110122,1,0,2800,,,2,0
825,1898.106811,-2003.947875,13.546875,177.607131,1,0,2800,,,2,0
826,1898.235351,-2009.956665,13.546875,355.374847,1,0,2800,,,2,0
827,1895.43225,-2019.436401,13.546875,90.998664,1,0,2800,,,2,0
828,1895.418823,-2021.364624,13.546875,89.801536,1,0,2800,,,2,0
829,1898.48352,-2028.528808,13.546875,181.038345,1,0,2800,,,2,0
830,1901.44226,-2021.650512,13.546875,263.92691,1,0,2800,,,2,0
831,1901.437255,-2019.358398,13.546875,266.803131,1,0,2800,,,2,0
832,1916.595825,-1981.914916,13.546875,3.31192,1,0,2800,,,2,0
833,1919.824707,-1991.340942,13.546875,276.461547,1,0,2800,,,2,0
834,1919.829711,-1993.507934,13.546875,269.198577,1,0,2800,,,2,0
835,1916.905517,-2000.492553,13.546875,183.288253,1,0,2800,,,2,0
836,1913.849365,-1993.630859,13.546875,84.265129,1,0,2800,,,2,0
837,1913.798828,-1991.057006,13.546875,88.282264,1,0,2800,,,2,0
838,1916.781005,-2009.956054,13.546875,7.730225,1,0,2800,,,2,0
839,1913.846435,-2019.419799,13.546875,85.236076,1,0,2800,,,2,0
840,1913.864013,-2021.739746,13.546875,92.812431,1,0,2800,,,2,0
841,1917.068969,-2028.526367,13.546875,173.920318,1,0,2800,,,2,0
842,1919.864868,-2021.399291,13.546875,266.298309,1,0,2800,,,2,0
843,1919.869384,-2019.443603,13.546875,270.31546,1,0,2800,,,2,0
844,1917.456665,-2038.024414,13.546875,271.928314,1,0,2800,,,2,0
845,1907.845336,-2034.940795,13.546875,357.043426,1,0,2800,,,2,0
846,1905.839477,-2034.975952,13.546875,2.112851,1,0,2800,,,2,0
847,1898.878417,-2037.813232,13.546875,89.10807,1,0,2800,,,2,0
848,1905.798339,-2040.956787,13.546875,173.98944,1,0,2800,,,2,0
849,1908.125366,-2041.071044,13.546875,196.516799,1,0,2800,,,2,0
850,1877.426879,-1982.41455,13.546875,268.297698,1,0,2800,,,2,0
851,1868.04309,-1985.514282,13.546875,178.988372,1,0,2800,,,2,0
852,1866.039184,-1985.565429,13.546875,174.858474,1,0,2800,,,2,0
853,1858.846801,-1982.563842,13.546875,83.621368,1,0,2800,,,2,0
854,1865.928344,-1979.537963,13.546875,7.111022,1,0,2800,,,2,0
855,1868.16333,-1979.535522,13.546875,2.667998,1,0,2800,,,2,0
856,-44.636104,-1563.157836,2.598467,148.585983,0,0,130000,,,38,0
857,-55.994052,-1555.666748,2.61072,48.888042,0,0,130000,,,38,0
858,-69.246704,-1545.841064,3.004307,231.539688,0,0,1700000,,,37,0
859,-89.090591,-1564.886352,3.004307,318.937103,0,0,1700000,,,8,0
860,-65.180122,-1573.977661,2.61072,162.493713,0,0,130000,,,38,0
861,-75.986045,-1581.13916,3.4375,296.522033,0,0,130000,,,38,0
862,-90.978172,-1592.582153,3.004307,26.337169,0,0,1700000,,,6,0
863,-75.502738,-1598.127075,2.617187,128.830947,0,0,130000,,,38,0
864,-40.25986,-2493.663574,36.648437,233.895675,1,0,5000,,,2,0
865,-36.137935,-2490.720703,36.648437,197.864257,1,0,5000,,,2,0
866,-32.109172,-2487.846679,36.648437,214.078536,1,0,5000,,,2,0
867,-28.005775,-2484.924804,36.648437,221.128173,1,0,5000,,,2,0
868,-23.922607,-2482.010986,36.648437,224.261322,1,0,5000,,,2,0
869,-17.956575,-2493.157958,36.648437,123.921867,1,0,5000,,,2,0
870,-15.318279,-2497.382568,36.648437,120.005439,1,0,5000,,,2,0
871,-12.690479,-2501.604248,36.655464,122.746963,1,0,5000,,,2,0
872,-10.044106,-2505.82666,36.655464,121.963676,1,0,5000,,,2,0
873,-7.343363,-2510.145996,36.655464,123.530227,1,0,5000,,,2,0
874,-3.91778,-2520.227783,36.648437,27.968889,1,0,5000,,,2,0
875,-8.361606,-2522.637939,36.655464,32.668601,1,0,5000,,,2,0
876,-12.713826,-2525.003417,36.655464,27.577211,1,0,5000,,,2,0
877,-17.132514,-2527.403564,36.655464,28.360506,1,0,5000,,,2,0
878,-21.495695,-2529.768798,36.648437,28.752052,1,0,5000,,,2,0
879,818.196044,-509.425018,18.012922,177.455551,0,0,15000000,,,8,0
880,795.231201,-506.268066,18.012922,175.446273,0,0,9000000,,,21,0
881,768.084411,-503.48175,18.012926,179.295288,0,0,16500000,,,13,0
882,743.263427,-509.422393,18.012922,181.070816,0,0,15000000,,,10,0
883,745.240844,-556.674743,18.012926,353.821166,0,0,16500000,,,13,0
884,766.678833,-556.682617,18.012924,7.954087,0,0,16500000,,,13,0
885,854.507263,-604.969177,18.421875,357.860717,0,0,50000000,,,45,0
886,745.566894,-591.047912,18.012922,88.626159,0,0,14000000,,,8,0
887,646.85968,-511.445037,16.335937,8.899051,0,0,250000,,,2,0
888,1106.443115,-299.704071,74.539062,80.995109,0,0,1850000,,,10,0
889,1107.539062,-315.856964,74.742187,20.912376,0,0,3500000,,,2,0
890,1112.422363,-354.343811,73.985054,130.301269,0,0,250000,,,37,0
891,1105.68164,-358.42395,73.992187,127.247489,0,0,250000,,,37,0
892,2551.216064,57.408428,27.675645,87.26094,0,0,16000000,,,6,0
893,2557.011718,88.050163,27.675645,86.297439,0,0,18000000,,,17,0
894,2536.284912,128.880203,27.68346,100.229095,0,0,15000000,,,21,0
895,2518.30371,128.983459,27.675645,180.58818,0,0,12000000,,,15,0
896,2480.457763,126.794273,27.675647,270.950592,0,0,18000000,,,8,0
897,2462.624755,134.779357,27.675645,179.601394,0,0,17500000,,,7,0
898,2443.856445,92.39701,28.441644,264.828918,0,0,18000000,,,6,0
899,2481.211181,64.146835,27.68346,1.841325,0,0,15000000,,,6,0
900,2479.562255,94.402412,27.683458,0.73302,0,0,17000000,,,8,0
901,2510.197509,88.607574,27.683458,354.129669,0,0,17000000,,,10,0
902,2518.889648,58.265247,27.68346,346.464538,0,0,18000000,,,8,0
903,2548.810546,25.13479,27.675647,181.383255,0,0,18000000,,,14,0
904,2550.800537,-5.549707,27.675647,6.25169,0,0,15000000,,,17,0
905,2513.271728,-28.397844,28.441644,356.393218,0,0,17000000,,,1,0
906,2509.612548,11.759273,28.441644,178.731887,0,0,17000000,,,1,0
907,2488.442871,11.762028,28.441642,182.491683,0,0,17000000,,,1,0
908,2484.371093,-28.396648,28.441642,358.89978,0,0,17000000,,,1,0
909,2446.912841,19.091064,27.68346,179.213409,0,0,15500000,,,1,0
910,2448.513427,-11.02521,27.683458,180.01979,0,0,15500000,,,1,0
911,2438.897216,-54.952987,28.153549,8.950036,0,0,14500000,,,1,0
912,2415.397949,-52.278327,28.153547,357.669891,0,0,15000000,,,7,0
913,2410.999755,-5.746405,27.68346,1.168016,0,0,15500000,,,1,0
914,2417.007812,17.942483,27.683458,79.020286,0,0,300000,,,30,0
915,2392.383789,-54.687065,28.153551,2.706747,0,0,17500000,,,1,0
916,2367.5083,-49.120227,28.153547,6.153451,0,0,7500000,,,12,0
917,2374.163574,-8.55121,28.441642,270.852233,0,0,19000000,,,1,0
918,2373.85791,22.017986,28.441642,259.235412,0,0,17000000,,,1,0
919,2373.854736,42.193809,28.441644,272.708831,0,0,17000000,,,1,0
920,2373.851806,70.96083,28.441642,273.648834,0,0,17000000,,,1,0
921,2398.230957,111.757255,28.441642,178.057907,0,0,17000000,,,1,0
922,2363.733398,116.076774,28.441644,73.160507,0,0,12500000,,,8,0
923,2363.992431,142.021835,28.441642,91.960617,0,0,12500000,,,8,0
924,2363.992431,166.080795,28.441644,90.080627,0,0,12500000,,,11,0
925,2363.982177,187.450683,28.441642,91.960617,0,0,12500000,,,8,0
926,2323.848144,191.251846,28.441642,273.382324,0,0,12500000,,,8,0
927,2323.857421,162.07695,28.441644,285.602508,0,0,12500000,,,8,0
928,2323.855957,136.39363,28.441642,263.355621,0,0,12500000,,,8,0
929,2324.116943,116.240051,28.441642,260.848907,0,0,12500000,,,40,0
930,2285.885742,161.754547,28.441642,188.154861,0,0,10000000,,,2,0
931,2257.856933,168.317886,28.153551,186.588211,0,0,10000000,,,2,0
932,2236.358398,168.280441,28.153549,183.141494,0,0,10000000,,,8,0
933,2203.853027,105.995727,28.441642,275.262359,0,0,10000000,,,15,0
934,2203.849365,62.318004,28.441644,274.635742,0,0,10000000,,,20,0
935,2270.309814,-7.506381,28.153547,185.671432,0,0,13000000,,,13,0
936,2245.416503,-1.663512,28.153551,171.884704,0,0,13400000,,,5,0
937,2180.465332,10.427187,21.836906,251.392715,0,0,2000000,,,6,0
938,2154.246093,0.437538,17.854049,295.919189,0,0,2000000,,,6,0
939,2156.1875,-114.106224,2.223533,210.9095,0,0,350000,,,38,0
940,2167.474853,-127.278312,1.496933,300.517242,0,0,350000,,,38,0
941,2187.728759,-126.773986,3.989,150.828628,0,0,350000,,,38,0
942,2193.421386,-19.092048,26.590892,254.212677,0,0,2000000,,,6,0
943,2199.956542,-37.253459,28.153547,269.042388,0,0,13000000,,,13,0
944,2197.271484,-60.797008,28.153549,269.982421,0,0,13000000,,,4,0
945,2203.110107,-89.430419,28.153547,253.978912,0,0,13000000,,,10,0
946,2196.166015,-104.248054,26.182273,163.339904,0,0,350000,,,38,0
947,2216.062988,-124.676925,24.928865,76.087875,0,0,350000,,,38,0
948,2245.36914,-122.285682,28.153547,5.503242,0,0,17000000,,,7,0
949,2272.354248,-119.129554,28.153547,4.876685,0,0,15500000,,,1,0
950,2293.879638,-124.962936,28.153549,352.96997,0,0,15500000,,,1,0
951,2322.288574,-124.959663,28.153551,358.633422,0,0,17000000,,,1,0
952,2358.5979,-85.453193,26.608684,2.589516,0,0,1500000,,,6,0
953,2370.515625,-88.378379,26.84576,353.502685,0,0,1500000,,,5,0
954,2381.872314,-90.053703,26.708902,4.469271,0,0,3200000,,,2,0
955,2428.178466,-85.415657,26.773607,74.119064,0,0,350000,,,38,0
956,1488.550903,360.987945,19.413364,135.191513,0,0,3700000,,,5,0
957,1475.418701,372.717773,19.65625,348.236755,0,0,3700000,,,5,0
958,1465.994628,364.108703,19.265466,352.043701,0,0,300000,,,5,0
959,1469.596801,351.586456,18.928106,136.155014,0,0,3700000,,,5,0
960,1460.922119,342.389373,18.953125,206.968994,0,0,3700000,,,13,0
961,1451.434448,375.847473,19.400465,153.388351,0,0,3700000,,,1,0
962,1447.484252,361.728454,18.90814,351.753723,0,0,3700000,,,1,0
963,1434.87976,334.691436,18.946874,257.729492,0,0,3700000,,,1,0
964,1415.693603,324.765228,18.84375,159.051986,0,0,3800000,,,40,0
965,1403.108764,333.98825,18.90625,131.478363,0,0,3500000,,,2,0
966,1409.189697,346.91748,19.252027,167.175338,0,0,3700000,,,40,0
967,1413.283813,362.958679,19.193195,242.736114,0,0,3700000,,,1,0
968,1428.35083,356.546386,18.875,159.678634,0,0,3700000,,,40,0
969,1419.679565,389.436828,19.329687,347.65686,0,0,740000,,,8,0
970,1283.307739,158.407196,20.793369,283.493347,0,0,740000,,,6,0
971,1294.473999,157.713546,20.577989,123.448997,0,0,130000,,,38,0
972,1299.342041,140.348266,20.538927,1.850972,0,0,65000,,,38,0
973,1307.227783,153.11238,20.492052,251.290222,0,0,150000,,,38,0
974,1311.733032,169.590774,20.631059,336.517669,0,0,700000,,,4,0
975,1315.633911,180.010955,20.554552,274.790435,0,0,65000,,,38,0
976,1303.743164,186.183639,20.538927,35.424861,0,0,130000,,,38,0
977,1300.498657,193.297851,20.523302,201.782958,0,0,150000,,,38,0
978,1294.978271,174.949966,20.910556,159.337554,0,0,300000,,,1,0
979,751.773803,375.040252,23.374864,268.438659,0,0,800000,,,38,0
980,758.846923,375.268554,23.392187,106.443855,0,0,6000000,,,5,0
981,783.262939,377.532043,21.296739,349.906158,0,0,1000000,,,38,0
982,808.103088,372.598571,19.452989,69.470153,0,0,500000,,,38,0
983,805.444519,359.05072,19.762119,87.498733,0,0,5000000,,,2,0
984,784.067504,352.629547,19.59375,20.299844,0,0,5500000,,,2,0
985,772.429931,348.203948,20.152744,188.683181,0,0,5000000,,,2,0
986,748.350402,350.838348,20.585802,215.485107,0,0,500000,,,38,0
987,746.4281,304.860595,20.234375,285.962219,0,0,5500000,,,3,0
988,719.057556,300.585266,20.376562,113.024024,0,0,5500000,,,2,0
989,705.246948,292.064147,20.421875,193.841415,0,0,5500000,,,2,0
990,723.503295,269.670623,22.453125,181.644729,0,0,5500000,,,2,0
991,748.28247,257.150665,27.085937,32.18333,0,0,5000000,,,2,0
992,747.178405,278.034057,27.21875,285.985687,0,0,5500000,,,4,0
993,342.508605,62.703868,3.859741,113.012046,0,0,6000000,,,6,0
994,317.711303,54.743556,3.375,40.350811,0,0,300000,,,6,0
995,309.091979,44.296195,3.087965,195.148391,0,0,1200000,,,6,0
996,286.126556,41.345085,2.548437,21.672502,0,0,1200000,,,2,0
997,316.449218,18.129894,4.515625,195.293716,0,0,1200000,,,2,0
998,340.235107,33.669456,6.40871,308.833892,0,0,1200000,,,5,0
999,253.323562,-22.386045,1.627488,101.487442,0,0,1200000,,,2,0
1000,248.596237,-33.162563,1.578125,88.271118,0,0,200000,,,3,0
1001,271.802124,-48.815212,2.777208,175.76686,0,0,6000000,,,2,0
1002,295.023529,-55.070915,2.77721,91.02108,0,0,15500000,,,1,0
1003,312.732055,-92.398109,3.535393,260.367645,0,0,16000000,,,1,0
1004,312.73645,-121.409461,3.535394,279.457824,0,0,16000000,,,1,0
1005,252.779022,-92.338775,3.535394,87.55902,0,0,6000000,,,11,0
1006,252.786849,-121.23719,3.535393,74.272094,0,0,7700000,,,5,0
1007,253.602981,-274.454345,1.656115,299.761047,0,0,800000,,,1,0
1008,261.881591,-270.118347,1.64049,130.068664,0,0,300000,,,1,0
1009,264.410125,-288.431915,1.726427,85.317771,0,0,800000,,,1,0
1010,253.149795,-289.927612,1.70299,62.201541,0,0,300000,,,1,0
1011,260.464202,-302.895294,1.918369,45.033214,0,0,2100000,,,3,0
1012,241.983032,-298.498199,1.687365,337.175048,0,0,300000,,,1,0
1013,235.133071,-309.355224,1.710802,355.853942,0,0,300000,,,1,0
1014,226.318267,-303.315063,1.926182,269.999694,0,0,2100000,,,5,0
1015,158.744781,-112.605491,1.556631,269.287902,0,0,4000000,,,2,0
1016,178.162963,-118.23423,4.896471,84.131378,1,0,2000,,,4,0
1017,166.37294,-118.23146,4.896471,12.232399,1,0,2000,,,4,0
1018,160.632522,-112.749397,4.896471,271.02478,1,0,2000,,,4,0
1019,160.637832,-102.948051,4.896471,272.904815,1,0,2000,,,4,0
1020,166.269592,-96.972824,4.896471,184.230682,1,0,2000,,,4,0
1021,178.395538,-96.973129,4.896471,180.470642,1,0,2000,,,4,0
1022,178.034423,-120.234184,1.549149,4.085523,1,0,2000,,,4,0
1023,166.268524,-120.232109,1.554895,354.998809,1,0,2000,,,4,0
1024,158.639266,-102.593994,1.556708,262.25122,1,0,2000,,,4,0
1025,166.365493,-95.013038,1.554848,177.963745,1,0,2000,,,4,0
1026,201.465072,-95.098922,1.554955,188.930572,1,0,2000,,,4,0
1027,209.085357,-112.579055,1.550783,94.953262,1,0,2000,,,4,0
1028,201.530151,-120.227119,1.551446,14.42582,1,0,2000,,,4,0
1029,189.620727,-120.231254,1.548539,7.219092,1,0,2000,,,4,0
1030,201.351974,-118.231811,4.896471,359.072326,1,0,2000,,,4,0
1031,206.990188,-112.250213,4.896471,55.697364,1,0,2000,,,4,0
1032,189.537124,-97.049774,4.896471,221.195159,1,0,2000,,,4,0
1033,201.431381,-97.047187,4.896471,223.131286,1,0,2000,,,4,0
1034,-1395.739013,-1450.567749,101.699996,266.542022,0,0,2000000,,,13,0
1035,-1396.314819,-1461.403686,101.5568,274.576629,0,0,4000000,,,8,0
1036,-1462.768554,-1452.9104,101.757812,207.790527,0,0,400000,,,38,0
1037,-1462.538574,-1466.063354,101.757812,265.701538,0,0,400000,,,38,0
1038,-1438.67456,-1544.731323,102.257812,355.458679,0,0,80500000,,,21,0
1039,-1466.238525,-1548.262084,101.757812,81.291,0,0,400000,,,38,0
1040,-1417.085571,-1564.54248,101.757812,80.664276,0,0,400000,,,38,0
1041,-1435.457641,-1595.456787,101.802978,74.028274,0,0,400000,,,38,0
1042,-1446.365112,-1595.592895,101.757812,358.023345,0,0,400000,,,38,0
1043,-1361.399414,-1479.535034,103,356.525756,0,0,3500000,,,2,0
1044,-1353.438232,-1468.671264,103.344787,180.654922,0,0,3500000,,,9,0
1045,-1345.922729,-1478.3385,103.834373,5.332044,0,0,2000000,,,8,0
1046,-1335.517333,-1465.860107,104.90232,189.171646,0,0,1800000,,,13,0
1047,-783.721313,-1869.299804,12.1,223.995101,0,0,20000000,,,10,0
1048,-795.095336,-1882.419677,11.856659,229.509796,0,0,20000000,,,10,0
1049,-677.906738,-2098.000732,26.043636,30.427782,0,0,8300000,,,2,0
1050,-670.354248,-2073.111572,25.706359,73.377067,0,0,8500000,,,4,0
1051,-418.967163,-1759.391723,6.21875,206.942108,0,0,5000000,,,4,0
1052,-1060.977539,-1205.357421,129.646026,266.707855,0,0,1,,,21,0
1053,-917.086975,-531.822875,26.156658,351.940277,0,0,900000,,,38,0
1054,-930.728393,-546.081726,26.249618,359.754516,0,0,1200000,,,38,0
1055,-940.685668,-530.600769,26.455677,341.656402,0,0,1200000,,,38,0
1056,-960.73767,-507.560943,26.238681,264.233093,0,0,2000000,,,7,0
1057,-954.547668,-494.325225,26.1,198.493453,0,0,1200000,,,38,0
1058,-942.72705,-499.685546,26.460353,174.784057,0,0,1300000,,,6,0
1059,-970.395751,-541.404541,25.953638,350.799377,0,0,1300000,,,3,0
1060,-427.51184,-392.668182,16.580152,317.202239,0,0,3500000,,,3,0
1061,-396.239532,-425.191986,16.259374,168.447158,0,0,3500000,,,6,0
1062,-361.396392,-1464.396362,25.747659,359.49411,0,0,1100000,,,6,0
1063,-373.074798,-1468.083251,25.747659,8.917576,0,0,1100000,,,6,0
1064,-390.80545,-1469.276855,25.747659,4.844198,0,0,1100000,,,6,0
1065,-404.415374,-1469.587646,25.747659,4.530774,0,0,1100000,,,6,0
1066,-404.446166,-1458.367065,25.747659,286.846862,0,0,1100000,,,6,0
1067,-404.178497,-1447.592163,25.747659,266.166717,0,0,1100000,,,2,0
1068,2487.185058,-1424.570678,29.016227,8.626549,1,0,4000,,,4,0
1069,2492.3479,-1424.574829,29.016227,0.311532,1,0,4000,,,4,0
1070,2495.578369,-1424.573608,29.016227,354.358032,1,0,4000,,,4,0
1071,2495.226074,-1417.451904,29.313102,182.986434,1,0,4000,,,4,0
1072,2487.105712,-1417.453491,29.313102,174.526397,1,0,4000,,,4,0
1073,2473.206787,-1417.443847,29.313102,182.046417,1,0,4000,,,4,0
1074,2468.530029,-1417.450805,29.313102,173.58641,1,0,4000,,,4,0
1075,-2700.292724,820.752685,49.984375,179.238433,0,0,15000000,,,13,0
1076,-2597.938476,2364.60083,9.882995,87.27008,0,0,15000000,,,18,0
1077,-2597.830566,2356.939208,9.882995,88.161834,0,0,15000000,,,18,0
1078,-2628.4729,2257.391601,8.287474,273.788177,0,0,25000000,,,32,0
1079,-2463.817626,2490.588867,17.002468,95.85424,0,0,500000,,,38,0
1080,-2463.404541,2485.977539,17.002468,94.680526,0,0,500000,,,38,0
1081,-2064.939941,875.946105,69.46875,182.515838,0,0,4500000,,,11,0
1082,-2050.729003,883.416687,63.173545,184.788772,0,0,4500000,,,11,0
1083,-2039.460327,861.071899,58.46553,94.539382,0,0,4000000,,,11,0
1084,-2039.461547,849.791564,58.460937,88.642181,0,0,4000000,,,11,0
1085,-2039.460327,837.301391,58.466743,92.458419,0,0,4000000,,,11,0
1086,-2047.997558,830.120666,64.15625,3.237065,0,0,4500000,,,11,0
1087,-2066.266113,830.119628,71.890625,2.353182,0,0,4500000,,,11,0
1088,2808.182373,-1176.226318,25.375316,173.862075,0,0,15000000,,,28,0
1089,2148.292236,-1484.985107,26.623935,91.276512,0,0,25000000,,,17,0
1090,2807.911621,-1190.320068,25.347234,0.633656,0,0,15000000,,,28,0
1091,2628.447265,-1067.798828,69.612487,258.88031,0,0,10000000,,,14,0
1092,2627.968017,-1085.432617,69.616485,280.813873,0,0,10000000,,,14,0
1093,2626.211669,-1098.927734,69.339118,268.013854,0,0,11500000,,,21,0
1094,952.697753,-909.576721,45.765625,184.165145,0,0,0,,,8,0
1095,304.222991,-1795.050903,4.462222,262.803985,0,0,0,,,38,0
1096,1153.274169,-560.857971,106.304321,342.021697,0,0,5000000,,,18,0
1097,2443.451416,61.758556,28.441642,180.226425,0,0,18000000,,,1,0
